media_name,region,media_url,source_type,source_url,verified
ANTARA Jawa Barat,Provincial,https://jabar.antaranews.com,Official/wire - RSS index,https://jabar.antaranews.com/rss/,yes
ANTARA Jawa Barat,Provincial,https://jabar.antaranews.com,RSS (Jabar Terkini),https://jabar.antaranews.com/rss/jabar-terkini.xml,no
ANTARA Jawa Barat,Provincial,https://jabar.antaranews.com,RSS (Terkini),https://jabar.antaranews.com/rss/terkini.xml,no
ANTARA Jawa Barat,Provincial,https://jabar.antaranews.com,RSS (Top News),https://jabar.antaranews.com/rss/top-news.xml,no
ANTARA Jawa Barat,Provincial,https://jabar.antaranews.com,Section page,https://jabar.antaranews.com/jabar-terkini/,no
ANTARA Jawa Barat,Provincial,https://jabar.antaranews.com,Section page (Lintas Daerah),https://jabar.antaranews.com/jabar-terkini/lintas-daerah,no
ANTARA Megapolitan,Provincial / Bodebek,https://megapolitan.antaranews.com,RSS (Terkini),https://megapolitan.antaranews.com/rss/terkini.xml,no
Pemprov Jabar,Provincial,https://jabarprov.go.id,Official - news listing (EN),https://jabarprov.go.id/en/berita,yes
Pemprov Jabar,Provincial,https://jabarprov.go.id,Official - news listing (ID),https://jabarprov.go.id/berita,no
detikJabar,Provincial,https://www.detik.com/jabar/,Section page (index),https://www.detik.com/jabar/indeks/,yes
Jabar Ekspres,Provincial,https://jabarekspres.com,Section page (Jawa Barat),https://jabarekspres.com/jawa-barat/,yes
Tribun Jabar,Provincial,https://jabar.tribunnews.com,Section page,https://jabar.tribunnews.com/,no
Kompas.com Jawa Barat,Provincial,https://www.kompas.com,Section page,https://www.kompas.com/jawa-barat,no
Kompas TV Jawa Barat,Provincial,https://www.kompas.tv,Section page,https://www.kompas.tv/regional/jawa-barat,no
Pikiran Rakyat,Provincial,https://www.pikiran-rakyat.com,Section page,https://www.pikiran-rakyat.com/,no
Lintas Priangan,Provincial (Priangan),https://lintaspriangan.com,Section page,https://lintaspriangan.com/,yes
Radar Bandung,Kota Bandung,https://www.radarbandung.id,Section page,https://www.radarbandung.id/category/regional/kota-bandung/,no
Jabar Ekspres,Bandung Raya,https://jabarekspres.com,Section page,https://jabarekspres.com/bandungraya/,yes
PRFM News (radio),Kota Bandung,https://prfmnews.pikiran-rakyat.com,Section page,https://prfmnews.pikiran-rakyat.com,no
Pemkot Bandung,Kota Bandung,https://www.bandung.go.id,Official - news listing,https://www.bandung.go.id/news/berita/,no
Jabar Ekspres,Bogor Raya,https://jabarekspres.com,Section page,https://jabarekspres.com/bogor-raya/,yes
Radar Bogor,Kota/Kab. Bogor,https://www.radarbogor.id,Section page,https://www.radarbogor.id,no
Pemkab Bogor,Kab. Bogor,https://bogorkab.go.id,Official - news listing,https://bogorkab.go.id/berita,no
Radar Sukabumi,Kota/Kab. Sukabumi,https://radarsukabumi.com,Section page,https://radarsukabumi.com/,yes
Radar Cirebon,Kota Cirebon,https://radarcirebon.id,Section page,https://radarcirebon.id/kota-cirebon/,yes
Radar Cirebon,Kab. Cirebon,https://radarcirebon.id,Section page,https://radarcirebon.id/kabupaten-cirebon/,yes
Radar Cirebon (Disway),Kab. Cirebon,https://radarcirebon.disway.id,Section page,https://radarcirebon.disway.id/kategori/kabupaten-cirebon/,no
Radar Cirebon,Indramayu,https://radarcirebon.id,Section page,https://radarcirebon.id/indramayu/,yes
Radar Cirebon,Majalengka,https://radarcirebon.id,Section page,https://radarcirebon.id/majalengka/,yes
Radar Cirebon,Kuningan,https://radarcirebon.id,Section page,https://radarcirebon.id/kuningan/,yes
Lintas Priangan,Kuningan,https://lintaspriangan.com,Section page (tag),https://lintaspriangan.com/tag/kabupaten-kuningan/,no
Radar Tasikmalaya,Kota Tasikmalaya,https://radartasik.id,Section page,https://radartasik.id/jawa-barat/kota-tasikmalaya/,no
Radar Tasikmalaya (Disway),Tasikmalaya/Ciamis/Banjar/Pangandaran/Garut,https://radartasik.disway.id,Section page,https://radartasik.disway.id/,no
iNews Garut,Kab. Garut,https://garut.inews.id,Section page,https://garut.inews.id/,yes
Tribun Jabar Garut,Kab. Garut,https://jabar.tribunnews.com,Section page,https://jabar.tribunnews.com/garut,no
Lintas Priangan,Kab. Garut,https://lintaspriangan.com,Section page (tag),https://lintaspriangan.com/tag/kabupaten-garut/,no
Tribun Jabar Purwakarta,Kab. Purwakarta,https://jabar.tribunnews.com,Section page,https://jabar.tribunnews.com/purwakarta,no
